{
  "best_global_step": null,
  "best_metric": null,
  "best_model_checkpoint": null,
  "epoch": 1.0,
  "eval_steps": 500,
  "global_step": 16,
  "is_hyper_param_search": false,
  "is_local_process_zero": true,
  "is_world_process_zero": true,
  "log_history": [
    {
      "entropy": 1.8904914200305938,
      "epoch": 0.3125,
      "grad_norm": 1.921875,
      "learning_rate": 0.00015384615384615385,
      "loss": 2.2771209716796874,
      "mean_token_accuracy": 0.4936107575893402,
      "num_tokens": 28624.0,
      "step": 5
    },
    {
      "entropy": 1.8162530601024627,
      "epoch": 0.625,
      "grad_norm": 2.90625,
      "learning_rate": 0.00034615384615384613,
      "loss": 1.8188596725463868,
      "mean_token_accuracy": 0.5655041813850403,
      "num_tokens": 57194.0,
      "step": 10
    },
    {
      "entropy": 1.2704336225986481,
      "epoch": 0.9375,
      "grad_norm": 4.53125,
      "learning_rate": 0.0004999067203154777,
      "loss": 0.9943644523620605,
      "mean_token_accuracy": 0.7262650847434997,
      "num_tokens": 85835.0,
      "step": 15
    }
  ],
  "logging_steps": 5,
  "max_steps": 128,
  "num_input_tokens_seen": 0,
  "num_train_epochs": 8,
  "save_steps": 500,
  "stateful_callbacks": {
    "TrainerControl": {
      "args": {
        "should_epoch_stop": false,
        "should_evaluate": false,
        "should_log": false,
        "should_save": true,
        "should_training_stop": false
      },
      "attributes": {}
    }
  },
  "total_flos": 572928881860608.0,
  "train_batch_size": 4,
  "trial_name": null,
  "trial_params": null
}
